,Group
D5-100-ppo,Control
D5-102-ppo,Del
D5-103-ppo,Control
D5-15-ppo,Del
D5-18-ppo,Control
D5-22-ppo,Control
D5-25-ppo,Control
D5-28-ppo,Control
D5-30-ppo,Control
D5-36-ppo,Control
D5-38-ppo,Control
D5-43-ppo,Control
D5-46-ppo,Control
D5-48-ppo,Control
D5-49-ppo,Control
D5-52-ppo,Del
D5-53-ppo,Control
D5-56-ppo,Control
D5-64-ppo,Del
D5-70-ppo,Control
D5-71-ppo,Control
D5-75-ppo,Del
D5-78-ppo,Del
D5-83-ppo,Del
D5-87-ppo,Control
D5-89-ppo,Del
D5-91-ppo,Control
D5-95-ppo,Control
D5-98-ppo,Del
D5-100-ppo.1,Control
D5-102-ppo.1,Del
D5-103-ppo.1,Control
D5-15-ppo.1,Del
D5-18-ppo.1,Control
D5-22-ppo.1,Control
D5-25-ppo.1,Control
D5-28-ppo.1,Control
D5-30-ppo.1,Control
D5-36-ppo.1,Control
D5-38-ppo.1,Control
D5-43-ppo.1,Control
D5-46-ppo.1,Control
D5-48-ppo.1,Control
D5-49-ppo.1,Control
D5-52-ppo.1,Del
D5-53-ppo.1,Control
D5-56-ppo.1,Control
D5-64-ppo.1,Del
D5-70-ppo.1,Control
D5-71-ppo.1,Control
D5-75-ppo.1,Del
D5-78-ppo.1,Del
D5-83-ppo.1,Del
D5-87-ppo.1,Control
D5-89-ppo.1,Del
D5-91-ppo.1,Control
D5-95-ppo.1,Control
D5-98-ppo.1,Del
D5-100-ppo.2,Control
D5-102-ppo.2,Del
D5-103-ppo.2,Control
D5-15-ppo.2,Del
D5-18-ppo.2,Control
D5-22-ppo.2,Control
D5-25-ppo.2,Control
D5-28-ppo.2,Control
D5-30-ppo.2,Control
D5-36-ppo.2,Control
D5-38-ppo.2,Control
D5-43-ppo.2,Control
D5-46-ppo.2,Control
D5-48-ppo.2,Control
D5-49-ppo.2,Control
D5-52-ppo.2,Del
D5-53-ppo.2,Control
D5-56-ppo.2,Control
D5-64-ppo.2,Del
D5-70-ppo.2,Control
D5-71-ppo.2,Control
D5-75-ppo.2,Del
D5-78-ppo.2,Del
D5-83-ppo.2,Del
D5-87-ppo.2,Control
D5-89-ppo.2,Del
D5-91-ppo.2,Control
D5-95-ppo.2,Control
D5-98-ppo.2,Del
